{"cameraMode":{"drawMode":0,"name":"Shaded","section":"Shading Mode"},"sceneLighting":true,"audioPlay":false,"sceneViewState":{"showFog":true,"showMaterialUpdate":true,"showSkybox":true,"showFlares":true,"showImageEffects":true,"showParticleSystems":true},"in2DMode":false,"pivot":{"x":4.603824615478516,"y":6.419281959533691,"z":4.8119916915893559},"rotation":{"x":0.0438741110265255,"y":-0.9298946857452393,"z":0.3455739915370941,"w":0.11806692183017731},"size":9.550000190734864,"orthographic":false}